Provinsi,Sekolah,Siswa,Mengulang,Putus Sekolah,Kepala Sekolah dan Guru(<S1),Kepala Sekolah dan Guru(>S1),Tenaga Kependidikan(SM),Tenaga Kependidikan(>SM),Rombongan Belajar,Ruang kelas(baik),Ruang kelas(rusak ringan),Ruang kelas(rusak sedang),Ruang kelas(rusak berat),Total_Rusak,Total_Kelas,Total_Guru,Rasio_Putus_Sekolah,Rasio_Mengulang,Persen_Kelas_Rusak,Rasio_Siswa_Guru,Persen_Guru_S1_Plus,ProvShort
Prov. D.K.I. Jakarta,2224,756455,1202,869,1089,38305,6967,1569,27830,23320,3886,717,345,4948,28268,39394,0.115,0.159,17.5,19.2,97.24,DKI Jakarta
Prov. Jawa Barat,19553,4487262,4778,5675,5007,209252,27487,3353,169704,59592,46006,34432,14397,94835,154427,214259,0.126,0.106,61.41,20.94,97.66,Jabar
Prov. Jawa Tengah,18618,2595050,6909,2399,2337,167535,21325,2473,127266,51050,42356,26321,13457,82134,133184,169872,0.092,0.266,61.67,15.28,98.62,Jateng
Prov. D.I. Yogyakarta,1846,270610,357,75,326,19771,4536,866,13719,8217,3878,1827,548,6253,14470,20097,0.028,0.132,43.21,13.47,98.38,DIY
Prov. Jawa Timur,18980,2530849,4694,3327,2950,180465,21116,3818,134724,58679,42896,24218,14389,81503,140182,183415,0.131,0.185,58.14,13.8,98.39,Jatim
Prov. Aceh,3532,489863,1406,905,2062,47490,6024,1096,25829,10261,7483,6076,3122,16681,26942,49552,0.185,0.287,61.91,9.89,95.84,Aceh
Prov. Sumatera Utara,9751,1524481,4896,4390,3279,108599,12157,2015,74970,33726,21203,14880,9371,45454,79180,111878,0.288,0.321,57.41,13.63,97.07,Sumut
Prov. Sumatera Barat,4206,592365,4643,858,1022,47064,9043,2167,31481,12164,9121,7904,3600,20625,32789,48086,0.145,0.784,62.9,12.32,97.87,Sumbar
Prov. Riau,3815,776574,4446,1388,2214,50310,7296,1334,35120,15935,8745,6458,3719,18922,34857,52524,0.179,0.573,54.28,14.79,95.78,Riau
Prov. Jambi,2464,368620,2006,835,1177,26403,4562,794,18911,6857,5787,4701,2377,12865,19722,27580,0.227,0.544,65.23,13.37,95.73,Jambi
Prov. Sumatera Selatan,4719,882011,6469,1976,2171,59059,9744,1676,40713,15358,10839,8665,3522,23026,38384,61230,0.224,0.733,59.99,14.4,96.45,Sumsel
Prov. Lampung,4726,798892,2412,833,2096,55421,6589,821,38340,13582,11111,9451,3884,24446,38028,57517,0.104,0.302,64.28,13.89,96.36,Lampung
Prov. Kalimantan Barat,4447,563178,9801,1324,1751,38364,4336,504,31317,10878,8540,7243,4087,19870,30748,40115,0.235,1.74,64.62,14.04,95.64,Kalbar
Prov. Kalimantan Tengah,2650,276421,2806,675,855,25030,2078,238,17694,6741,5247,4401,2089,11737,18478,25885,0.244,1.015,63.52,10.68,96.7,Kalteng
Prov. Kalimantan Selatan,2920,353174,3201,532,788,29351,4045,983,20814,9040,6053,5091,1638,12782,21822,30139,0.151,0.906,58.57,11.72,97.39,Kalsel
Prov. Kalimantan Timur,1929,419472,2063,669,679,25737,5811,803,18585,9677,4432,2326,1497,8255,17932,26416,0.159,0.492,46.04,15.88,97.43,Kaltim
Prov. Sulawesi Utara,2209,218823,728,435,859,18866,870,130,14384,6255,3707,3126,1924,8757,15012,19725,0.199,0.333,58.33,11.09,95.65,Sulut
Prov. Sulawesi Tengah,2944,312352,3004,1033,1974,26456,7219,645,19335,7730,5247,4750,2887,12884,20614,28430,0.331,0.962,62.5,10.99,93.06,Sulteng
Prov. Sulawesi Selatan,6434,883153,3300,1613,1617,69029,11685,2281,46819,16108,11949,13128,5990,31067,47175,70646,0.183,0.374,65.85,12.5,97.71,Sulsel
Prov. Sulawesi Tenggara,2347,294170,1643,784,992,26570,3501,397,16878,5867,4370,4196,2704,11270,17137,27562,0.267,0.559,65.76,10.67,96.4,Sultra
Prov. Maluku,1815,206984,1933,1076,2020,16351,2257,183,11920,4543,2456,3536,2230,8222,12765,18371,0.52,0.934,64.41,11.27,89.0,Maluku
Prov. Bali,2409,383616,183,179,346,25097,6958,1196,17327,8646,4835,3042,1142,9019,17665,25443,0.047,0.048,51.06,15.08,98.64,Bali
Prov. Nusa Tenggara Barat,3330,512620,1501,1235,1273,42660,4470,790,24116,7795,7818,6377,1520,15715,23510,43933,0.241,0.293,66.84,11.67,97.1,NTB
Prov. Nusa Tenggara Timur,5225,663307,8887,2771,2458,52919,8840,1192,36988,12941,11971,10040,6707,28718,41659,55377,0.418,1.34,68.94,11.98,95.56,NTT
Prov. Papua,831,116836,1605,651,831,6812,727,123,6031,2010,1358,1824,872,4054,6064,7643,0.557,1.374,66.85,15.29,89.13,Papua
Prov. Bengkulu,1407,194870,1313,390,507,16355,2403,363,10570,4232,3371,3359,717,7447,11679,16862,0.2,0.674,63.76,11.56,96.99,Bengkulu
Prov. Maluku Utara,1317,141138,1126,630,1465,11222,1496,80,8480,2544,2167,2919,1269,6355,8899,12687,0.446,0.798,71.41,11.12,88.45,Malut
Prov. Banten,4610,1203432,2551,1779,1560,56799,6671,1379,44351,20757,10581,6117,3434,20132,40889,58359,0.148,0.212,49.24,20.62,97.33,Banten
Prov. Kepulauan Bangka Belitung,833,161703,1202,332,198,9577,3351,709,6827,3358,1740,1285,1047,4072,7430,9775,0.205,0.743,54.8,16.54,97.97,Babel
Prov. Gorontalo,931,108058,1446,458,159,8455,1410,298,6090,3032,1491,1603,614,3708,6740,8614,0.424,1.338,55.01,12.54,98.15,Gorontalo
Prov. Kepulauan Riau,982,227249,651,385,573,13859,3726,400,9871,5900,2050,862,650,3562,9462,14432,0.169,0.286,37.65,15.75,96.03,Kepri
Prov. Papua Barat,569,71737,2049,474,533,4895,407,55,4056,1656,1183,737,339,2259,3915,5428,0.661,2.856,57.7,13.22,90.18,Papua Barat
Prov. Sulawesi Barat,1329,143300,1092,511,1036,13077,3881,371,9037,2570,2065,2533,2055,6653,9223,14113,0.357,0.762,72.13,10.15,92.66,Sulbar
Prov. Kalimantan Utara,485,79877,364,188,168,6049,1184,166,4141,1976,887,549,582,2018,3994,6217,0.235,0.456,50.53,12.85,97.3,Kaltara
Prov. Papua Tengah,553,143052,3741,1106,817,4311,241,35,5095,1683,1461,1029,301,2791,4474,5128,0.773,2.615,62.38,27.9,84.07,Papua Tgh
Prov. Papua Selatan,606,94976,5003,936,613,3857,266,30,4346,1210,1252,948,596,2796,4006,4470,0.986,5.268,69.8,21.25,86.29,Papua Sel
Prov. Papua Pegunungan,665,140165,3978,928,1008,3086,157,15,5003,1319,1224,898,875,2997,4316,4094,0.662,2.838,69.44,34.24,75.38,Papua Peg
Prov. Papua Barat Daya,547,60227,1347,334,279,4914,327,35,3815,1484,1006,712,509,2227,3711,5193,0.555,2.237,60.01,11.6,94.63,Papua BD
